iter	RMSE
0	39874407.15
1	36947506.3
2	34293566.73
3	31923413.95
4	29758863.76
5	27888815.12
6	26275866.45
7	24780580.4
8	23520894.92
9	22365203.7
10	21348278.91
11	20350817.24
12	19539460.41
13	18785462.36
14	18154643.62
15	17573986.3
16	16993098.53
17	16522528.35
18	16129766.7
19	15738876.07
20	15416674.37
21	15077003.5
22	14824127.97
23	14575844.97
24	14363480
25	14136515.39
26	13952724.08
27	13801555.57
28	13631572.43
29	13500092.38
30	13370057.92
31	13221267
32	13083269.46
33	12981759.23
34	12880642.21
35	12782367.37
36	12691656.55
37	12620659.67
38	12547124.02
39	12475881.25
40	12406437.05
41	12351451.86
42	12280986.7
43	12210380.99
44	12151029.05
45	12102988.95
46	12055797.53
47	12014318.02
48	11977885.52
49	11931931.34
50	11888725.14
51	11846981.72
52	11805676.9
53	11767320.98
54	11736925.76
55	11697936.17
56	11667639.85
57	11640606.2
58	11607788.63
59	11566420.13
60	11544758.26
61	11522610.85
62	11488198.19
63	11452947.11
64	11428813.87
65	11397727.68
66	11368652.77
67	11346243.29
68	11326213.46
69	11304573.76
70	11275154.4
71	11245610.68
72	11230334.33
73	11211504.57
74	11193036.61
75	11168945.18
76	11134957.02
77	11117627.44
78	11098463.07
79	11078878.48
80	11062562.33
81	11034151.61
82	11015238.33
83	10999467.48
84	10967022.69
85	10951900.94
86	10926218.29
87	10908540.09
88	10884129.16
89	10867355.59
90	10847737.61
91	10827481.17
92	10813937.35
93	10794364.27
94	10770248.59
95	10748087.23
96	10733410.45
97	10719513.02
98	10696477.44
99	10678285.41
100	10665103.41
101	10642986.99
102	10616132.67
103	10598277.02
104	10582302.63
105	10571561.17
106	10554125.76
107	10538601.03
108	10515994.92
109	10500355.03
110	10482964.53
111	10470595.56
112	10451421.88
113	10430868.4
114	10409815.27
115	10393723.68
116	10379982.54
117	10367104.83
118	10354489.69
119	10336946.09
120	10323984.24
121	10288910
122	10276892.96
123	10262861.53
124	10247911.6
125	10234867.48
126	10220640.93
127	10205696.85
128	10192116.18
129	10175843.86
130	10161066.54
131	10146695.28
132	10135383.05
133	10124494.65
134	10110894.34
135	10087925.98
136	10062254.42
137	10044066.92
138	10035824.05
139	10021077.99
140	10011775.93
141	9995257.596
142	9979215.044
143	9960362.426
144	9947252.039
145	9923500.317
146	9912828.405
147	9898543.654
148	9888390.78
149	9878112.101
150	9865195.407
151	9850169.035
152	9832702.861
153	9817132.188
154	9803700.474
155	9788123.536
156	9770309.489
157	9758083.723
158	9746794.556
159	9733923.858
160	9721992.236
161	9714032.463
162	9702495.177
163	9693444.532
164	9681159.339
165	9663681.037
166	9654576.763
167	9643023.373
168	9637156.888
169	9626769.776
170	9616247.963
171	9606250.309
172	9599110.125
173	9585996.687
174	9573257.394
175	9555075.562
176	9545004.045
177	9534540.952
178	9526947.497
179	9520017.645
180	9511811.228
181	9499238.404
182	9489358.333
183	9482486.156
184	9473247.435
185	9456210.359
186	9445111.699
187	9433956.471
188	9425278.728
189	9415410.943
190	9398290.279
191	9391526.618
192	9377729.725
193	9369496.617
194	9356317.471
195	9344830.293
196	9334877.794
197	9324892.414
198	9315960.831
199	9306312.916
200	9300398.745
201	9292118.958
202	9285083.493
203	9274892.522
204	9265961.376
205	9258235.842
206	9245611.713
207	9235497.518
208	9229443.629
209	9222976.653
210	9211585.945
211	9203822.994
212	9199026.461
213	9189194.501
214	9180467.114
215	9174113.985
216	9164255.789
217	9157888.786
218	9150759.763
219	9146361.325
220	9136968.712
221	9126789.241
222	9117678.433
223	9108409.593
224	9100625.705
225	9089768.546
226	9079954.636
227	9071437.677
228	9064096.222
229	9058694.245
230	9050488.165
231	9046010.623
232	9037958.003
233	9030548.69
234	9024117.213
235	9017577.205
236	9010086.611
237	9002388.827
238	8990900.236
239	8982308.615
240	8974069.519
241	8967562.006
242	8961578.277
243	8956559.9
244	8950299.994
245	8942079.651
246	8935839.502
247	8928267.139
248	8920491.128
249	8915720.012
250	8903928.972
251	8900162.805
252	8892690.754
253	8888344.069
254	8882764.418
255	8874756.99
256	8868786.044
257	8860503.476
258	8854511.761
259	8847205.287
260	8839133.615
261	8828403.085
262	8819389.678
263	8814076.717
264	8809267.775
265	8806283.433
266	8800738.702
267	8792464.896
268	8784186.933
269	8778572.266
270	8774134.081
271	8768123.118
272	8763599.043
273	8757861.391
274	8750867.77
275	8746389.544
276	8738290.371
277	8731690.265
278	8727793.743
279	8721501.327
280	8714734.83
281	8708252.193
282	8701490.484
283	8693161.226
284	8684997.33
285	8674608.169
286	8669205.65
287	8663798.4
288	8659312.809
289	8655224.873
290	8649098.213
291	8642829.073
292	8634598.869
293	8629908.431
294	8621496.815
295	8612593.216
296	8608306.399
297	8603609.643
298	8599675.297
299	8593014.991
300	8587241.523
301	8581112.135
302	8575971.245
303	8572460.479
304	8567732.475
305	8560173.421
306	8553548.031
307	8542976.201
308	8537624.22
309	8532487.614
310	8526009.107
311	8518593.547
312	8515327.498
313	8509881.481
314	8505143.672
315	8500458.55
316	8491335.48
317	8486911.86
318	8480977.875
319	8476560.542
320	8472844.671
321	8469792.05
322	8465660.261
323	8460958.909
324	8451834.028
325	8445759.625
326	8441113.037
327	8435815.835
328	8430417.41
329	8425407.217
330	8419839.486
331	8413579.152
332	8410195.34
333	8403549.159
334	8397082.334
335	8392101.718
336	8388555.257
337	8382935.695
338	8376288.924
339	8370823.556
340	8366398.581
341	8360268.447
342	8354784.825
343	8349124.272
344	8343321.318
345	8337655.194
346	8334170.212
347	8330470.261
348	8325352.927
349	8320796.088
350	8316571.802
351	8312374.163
352	8307679.499
353	8302260.618
354	8297766.849
355	8292300.323
356	8286494.889
357	8281471.953
358	8277043.833
359	8269559.35
360	8263326.536
361	8258203
362	8255731.991
363	8251783.678
364	8244723.094
365	8235757.346
366	8233897.213
367	8229249.578
368	8225149.727
369	8220233.727
370	8215894.785
371	8210917.779
372	8207409.284
373	8202741.551
374	8198048.599
375	8192949.096
376	8188732.281
377	8184376.569
378	8178736.034
379	8175391.051
380	8172550.256
381	8167261.821
382	8162548.903
383	8157474.444
384	8153597.18
385	8149958.383
386	8145335.168
387	8141520.898
388	8136960.157
389	8132512.429
390	8127483.316
391	8123350.876
392	8119391.119
393	8114646.582
394	8109033.549
395	8103544.626
396	8100427.358
397	8096238.398
398	8091754.172
399	8087382.86
400	8083603.207
401	8079144.657
402	8076274.918
403	8071748.191
404	8067423.069
405	8062317.295
406	8056840.323
407	8054486.206
408	8049684.146
409	8044882.127
410	8040776.996
411	8037777.111
412	8033833.483
413	8030562.522
414	8023848.23
415	8019283.327
416	8015050.559
417	8011416.274
418	8008259.744
419	8001806.365
420	7996010.99
421	7992097.465
422	7987635.132
423	7982747.703
424	7979885.357
425	7976185.739
426	7970530.033
427	7966708.523
428	7963575.984
429	7959656.44
430	7956674.741
431	7952493.589
432	7950045.317
433	7945219.647
434	7940873.252
435	7933024.43
436	7929949.04
437	7926214.886
438	7923791.466
439	7920713.716
440	7916126.664
441	7911167.376
442	7908100.87
443	7904326.873
444	7901307.569
445	7898073.648
446	7893103.26
447	7887910.023
448	7881898.077
449	7878849.16
450	7873764.078
451	7870350.11
452	7868130.282
453	7864380.146
454	7860914.455
455	7857015.178
456	7853308.576
457	7849931.309
458	7845996.636
459	7844112.169
460	7841312.476
461	7836348.569
462	7834244.002
463	7831138.039
464	7827641.095
465	7824491.881
466	7820343.26
467	7817512.298
468	7813512.379
469	7810921.938
470	7808236.861
471	7804952.885
472	7802285.071
473	7799309.053
474	7797343.74
475	7794966.63
476	7790457.899
477	7786171.056
478	7783939.24
479	7781340.268
480	7777888.368
481	7774842.114
482	7773025.675
483	7770647.051
484	7765943.236
485	7763350.987
486	7759866.873
487	7755493.732
488	7753122.375
489	7750261.625
490	7745940.193
491	7740361.029
492	7737023.378
493	7732901.038
494	7729294.181
495	7726981.474
496	7722762.851
497	7719062.893
498	7716725.774
499	7712798.643
500	7708847.083
501	7705780.958
502	7701344.413
503	7698962.088
504	7694460.056
505	7691684.871
506	7689795.599
507	7685855.476
508	7681263.835
509	7679698.301
510	7677143.465
511	7673399.977
512	7669318.657
513	7667191.368
514	7664036.146
515	7661526.313
516	7658219.835
517	7653824.812
518	7648337.189
519	7642774.416
520	7641016.318
521	7637419.261
522	7633833.203
523	7631212.048
524	7626649.321
525	7623708.562
526	7620041.704
527	7616624.384
528	7614629.532
529	7613209.698
530	7610939.181
531	7606972.978
532	7605074.352
533	7602861.291
534	7598916.006
535	7593701.406
536	7590939.207
537	7587995.716
538	7585114.917
539	7581203.506
540	7578440.176
541	7574829.453
542	7569967.247
543	7566337.629
544	7563121.694
545	7560686.555
546	7558337.258
547	7553507.039
548	7551535.667
549	7549153.039
550	7545792.583
551	7544210.541
552	7540755.627
553	7538484.679
554	7536286.04
555	7531851.719
556	7527594.457
557	7524635.591
558	7522135.587
559	7519990.195
560	7517426.697
561	7513420.259
562	7511524.789
563	7506748.806
564	7504337.105
565	7502266.346
566	7498559.94
567	7495295.021
568	7492725.46
569	7488696.104
570	7486437.616
571	7483385.606
572	7481561.307
573	7478631.168
574	7475852.9
575	7472729.071
576	7470529.003
577	7469211.107
578	7466180.678
579	7463355.145
580	7460616.981
581	7455611.468
582	7453069.944
583	7450701.415
584	7448487.242
585	7446839.495
586	7444268.229
587	7443125.505
588	7440123.458
589	7438287.272
590	7435113.829
591	7433916.849
592	7430507.242
593	7428197.127
594	7426948.881
595	7424745.017
596	7422989.935
597	7419723.281
598	7416172.29
599	7412555.933
600	7409434.214
601	7406512.159
602	7403582.063
603	7399833.477
604	7396496.061
605	7393813.607
606	7392102.169
607	7389724.767
608	7385961.003
609	7383498.866
610	7381050.136
611	7378403.075
612	7375590.544
613	7373166.841
614	7370143.696
615	7367352.634
616	7364729.355
617	7360810.195
618	7358361.379
619	7353841.845
620	7350392.88
621	7349364.442
622	7346219.948
623	7343831.609
624	7341281.087
625	7336244.72
626	7335023.079
627	7333121.272
628	7328734.05
629	7326818.567
630	7321850.168
631	7319916.527
632	7317494.373
633	7315814.928
634	7314395.475
635	7311786.753
636	7308240.817
637	7306159.234
638	7304010.581
639	7301583.507
640	7298996.693
641	7296036.285
642	7292147.089
643	7289406.171
644	7285962.979
645	7283601.951
646	7280190.033
647	7277080.213
648	7273414.149
649	7271193.499
650	7267862.194
651	7265979.594
652	7263962.98
653	7261645.103
654	7256323.443
655	7253138.882
656	7251212.085
657	7249415.133
658	7248342.382
659	7246020.538
660	7243437.291
661	7239900.347
662	7238190.236
663	7234574.242
664	7231973.309
665	7230727.21
666	7227017.724
667	7223861.796
668	7221573.576
669	7217570.99
670	7215182.886
671	7212209.163
672	7208925.228
673	7206392.062
674	7204058.104
675	7202293.787
676	7199681.097
677	7196789.294
678	7195608.336
679	7192224.863
680	7189758.847
681	7187132.348
682	7184408.615
683	7183113.046
684	7181469.494
685	7178883.209
686	7176580.506
687	7173530.283
688	7170124.682
689	7167930.655
690	7166811.38
691	7164342.571
692	7162651.851
693	7158955.221
694	7156387.806
695	7153833.669
696	7150754.955
697	7148319.012
698	7145290.18
699	7143125.258
700	7140413.812
701	7138248.877
702	7136400.491
703	7134148.83
704	7130197.132
705	7128264.871
706	7127178.186
707	7124501.518
708	7121459.121
709	7117591.285
710	7114788.887
711	7112630.074
712	7110052.621
713	7107678.233
714	7105953.353
715	7104566.852
716	7101800.412
717	7099893.256
718	7098181.637
719	7095818.451
720	7092519.839
721	7090153.994
722	7087709.806
723	7084491.77
724	7082661.897
725	7080667.415
726	7077939.253
727	7075095.485
728	7073415.068
729	7071818.778
730	7069147.312
731	7067075.805
732	7065626.988
733	7062503.158
734	7060608.903
735	7059219.294
736	7058308.409
737	7056044.553
738	7053920.3
739	7052177.089
740	7049157.812
741	7047315.15
742	7044885.487
743	7043439.025
744	7041293.734
745	7038761.606
746	7035770.559
747	7033682.643
748	7031923.136
749	7029192.021
750	7025655.928
751	7022956.85
752	7021077.514
753	7018833.906
754	7016975.839
755	7013563.501
756	7010484.043
757	7007321.351
758	7004881.544
759	7001894.065
760	7000516.453
761	6997716.977
762	6996265.675
763	6994501.052
764	6993118.103
765	6991073.104
766	6989626.902
767	6987386.201
768	6985050.305
769	6983404.146
770	6982182.571
771	6980578.659
772	6976203.32
773	6974334.44
774	6972235.162
775	6968765.698
776	6967484.216
777	6966154.867
778	6963954.185
779	6962155.712
780	6960612.874
781	6958060.775
782	6957151.996
783	6954520.601
784	6952812.399
785	6950888.356
786	6949874.487
787	6946495.741
788	6945268.714
789	6942979.008
790	6941854.384
791	6940656.551
792	6937842.926
793	6935739.467
794	6934905.199
795	6932622.223
796	6930788.319
797	6928933.716
798	6925767.702
799	6923500.599
800	6920562.861
801	6917967.544
802	6915828.311
803	6912836.725
804	6910611.521
805	6907530.418
806	6905678.906
807	6903467.329
808	6902005.547
809	6899605.186
810	6898385.311
811	6895094.889
812	6893287.334
813	6892178.162
814	6889704.372
815	6888113.61
816	6886293.668
817	6884255.552
818	6881833.414
819	6879447.135
820	6877933.262
821	6875851.3
822	6873621.674
823	6871399.133
824	6869046.458
825	6868113.647
826	6865634.814
827	6863119.089
828	6861700.889
829	6859423.195
830	6856352.738
831	6854909.861
832	6853833.183
833	6851378.902
834	6849980.191
835	6846785.188
836	6843935.102
837	6842382.77
838	6840031.116
839	6837787.79
840	6836597.188
841	6834234.134
842	6832099.465
843	6829900.648
844	6827644.767
845	6825591.901
846	6824223.987
847	6821631.732
848	6820589.542
849	6819247.475
850	6817330.165
851	6815342.736
852	6812991.968
853	6810841.924
854	6806565.208
855	6805394.494
856	6804069.09
857	6800994.301
858	6798122.756
859	6796208.585
860	6793106.176
861	6790326.631
862	6788106.742
863	6786337.233
864	6786241.443
865	6784832.494
866	6782578.946
867	6781678.272
868	6779998.684
869	6778240.476
870	6776029.816
871	6772249.05
872	6768950.957
873	6766625.556
874	6764232.582
875	6762546.713
876	6760567.248
877	6757670.29
878	6754809.733
879	6753796.948
880	6752421.535
881	6750691.454
882	6748420.465
883	6747522.878
884	6745199.296
885	6743167.527
886	6741086.926
887	6738341.874
888	6736604.644
889	6734188.122
890	6731756.765
891	6730100.38
892	6728343.443
893	6726036.666
894	6723837.877
895	6721974.187
896	6718799.981
897	6718222.274
898	6716846.445
899	6715597.993
900	6714700.513
901	6712571.549
902	6710391.809
903	6708689.452
904	6707386.946
905	6704451.143
906	6702743.982
907	6701056.727
908	6699270.784
909	6697243.151
910	6694835.006
911	6693178.016
912	6690637.686
913	6688777.192
914	6686947.594
915	6685489.675
916	6683102.182
917	6680043.452
918	6678030.929
919	6675634.742
920	6673548.611
921	6671159.899
922	6669362.649
923	6667043.221
924	6664757.74
925	6662449.782
926	6660778.468
927	6659826.211
928	6658594.368
929	6656868.767
930	6655517.613
931	6654028.111
932	6652282.689
933	6650635.814
934	6648754.93
935	6646600.007
936	6644789.105
937	6643370.648
938	6641391.246
939	6639336.717
940	6637899.178
941	6635605.046
942	6633202.733
943	6630787.887
944	6626963.99
945	6625559.674
946	6623253.458
947	6621790.665
948	6620344.688
949	6618707.974
950	6617359.427
951	6615520.366
952	6613920.475
953	6612925.927
954	6611389.516
955	6609960.205
956	6607927.691
957	6606046.201
958	6604444.289
959	6603310.127
960	6600936.266
961	6599105.058
962	6597166.642
963	6595437.035
964	6593617.82
965	6591487.032
966	6589689.448
967	6587990.032
968	6586280.892
969	6584227.094
970	6582878.696
971	6580986.799
972	6579294.488
973	6576683.167
974	6574485.354
975	6571716.02
976	6570479.381
977	6569102.507
978	6567061.258
979	6565293.628
980	6564045.574
981	6561025.374
982	6558470.714
983	6556917.874
984	6555794.293
985	6554289.533
986	6552252.212
987	6550383.846
988	6548355.334
989	6546363.925
990	6544337.854
991	6542410.69
992	6541672.746
993	6539795.377
994	6537532.148
995	6535664.804
996	6534468.69
997	6532517.534
998	6531716.41
999	6530403.881
1000	6528775.213
1001	6527971.462
1002	6525161.344
1003	6522867.31
1004	6521537.396
1005	6519499.229
1006	6517844.274
1007	6515892.145
1008	6513761.957
1009	6511752.185
1010	6509142.631
1011	6507843.979
1012	6506424.732
1013	6505159.313
1014	6503332.478
1015	6502364.865
1016	6501199.076
1017	6499886.462
1018	6498893.867
1019	6496929.985
1020	6494694.562
1021	6493760.97
1022	6491297.437
1023	6489189.361
1024	6487606.315
1025	6485805.56
1026	6484823.113
1027	6483471.22
1028	6482475.205
1029	6480766.868
1030	6479209.817
1031	6477516.989
1032	6475952.274
1033	6474900.172
1034	6473115.431
1035	6471184.934
1036	6470236.347
1037	6469002.086
1038	6467082.609
1039	6465355.373
1040	6463268.588
1041	6462911.75
1042	6459354.542
1043	6457350.748
1044	6455148.163
1045	6454442.597
1046	6452504.943
1047	6451927.199
1048	6449686.005
1049	6447279.73
1050	6445432.105
1051	6443093.519
1052	6441150.488
1053	6439995.005
1054	6437988.351
1055	6436876.371
1056	6434651.827
1057	6433022.366
1058	6431205.868
1059	6429929.633
1060	6428407.494
1061	6426028.402
1062	6424704.548
1063	6423535.705
1064	6422328.575
1065	6419574.292
1066	6417875.535
1067	6416637.105
1068	6415017.018
1069	6412310.9
1070	6411074.506
1071	6409566.649
1072	6406711.685
1073	6405740.729
1074	6403426.956
1075	6403121.813
1076	6401184.834
1077	6398876.333
1078	6396825.787
1079	6394292.289
1080	6391473.057
1081	6390927.661
1082	6390492.375
1083	6389351.478
1084	6387390.953
1085	6385722.326
1086	6383673.817
1087	6381642.694
1088	6380201.561
1089	6378445.356
1090	6377357.039
1091	6376351.95
1092	6375334.037
1093	6373951.558
1094	6372143.398
1095	6370709.566
1096	6369954.332
1097	6367748.535
1098	6364742.952
1099	6363199.519
1100	6361969.73
1101	6359898.965
1102	6358836.395
1103	6358109.683
1104	6357587.654
1105	6355623.717
1106	6354330.601
1107	6352355.314
1108	6352020.597
1109	6349534.757
1110	6347321.323
1111	6346007.96
1112	6344691.912
1113	6343892.674
1114	6341749.142
1115	6339418.188
1116	6338267.897
1117	6336058.781
1118	6334774.199
1119	6334030.629
1120	6331889.06
1121	6331624.566
1122	6330694.943
1123	6329453.333
1124	6327935.393
1125	6327590.995
1126	6325977.222
1127	6324897.308
1128	6323600.575
1129	6322189.96
1130	6321262.122
1131	6319788.961
1132	6316982.827
1133	6315816.799
1134	6314047.748
1135	6312746.611
1136	6311042.168
1137	6309205.667
1138	6307639.934
1139	6306344.609
1140	6305760.153
1141	6303934.329
1142	6301974.322
1143	6300770.69
1144	6299605.96
1145	6298486.348
1146	6297076.068
1147	6295983.518
1148	6293958.559
1149	6292489.079
1150	6290329.2
1151	6287359.561
1152	6285882.136
1153	6284363.292
1154	6283223.236
1155	6282086.992
1156	6280546.498
1157	6279381.061
1158	6277974.598
1159	6275596.441
1160	6274265.868
1161	6272835.985
1162	6271781.9
1163	6270526.943
1164	6269058.863
1165	6268405.093
1166	6267010.779
1167	6265023.325
1168	6263023.43
1169	6261411.036
1170	6259070.497
1171	6256647.621
1172	6254424.806
1173	6253169.318
1174	6251168.38
1175	6249788.222
1176	6247070.838
1177	6246173.744
1178	6244630.775
1179	6242512.372
1180	6241638.229
1181	6240184.813
1182	6238553.362
1183	6237784.785
1184	6235771.426
1185	6234583.551
1186	6232522.09
1187	6230089.106
1188	6228793.954
1189	6227229.303
1190	6225791.829
1191	6224606.748
1192	6221860.416
1193	6220665.822
1194	6219674.933
1195	6218221.549
1196	6216133.524
1197	6213837.436
1198	6213074.455
1199	6212438.649
1200	6210656.5
1201	6209494.373
1202	6207422.611
1203	6205260.648
1204	6203916.948
1205	6201896.127
1206	6201111.988
1207	6199683.138
1208	6198179.301
1209	6196896.679
1210	6194905.28
1211	6194120.609
1212	6193044.541
1213	6191085.787
1214	6189489.382
1215	6188196.1
1216	6186356.631
1217	6184241.816
1218	6183086.253
1219	6181745.46
1220	6180314.734
1221	6179435.905
1222	6178300.194
1223	6177132.242
1224	6175497.723
1225	6174413.274
1226	6173478.019
1227	6171894.984
1228	6170443.317
1229	6169234.683
1230	6167668.656
1231	6166729.664
1232	6164376.892
1233	6162708.723
1234	6161611.525
1235	6159987.556
1236	6158239.863
1237	6156856.921
1238	6155045.567
1239	6153959.401
1240	6153080.474
1241	6151167.75
1242	6149708.298
1243	6148508.039
1244	6147071.32
1245	6145931.729
1246	6144827.226
1247	6143571.343
1248	6142385.326
1249	6140733.666
1250	6138469.553
1251	6137157.477
1252	6134972.279
1253	6133890.08
1254	6132030.974
1255	6131199.056
1256	6128529.469
1257	6127378.071
1258	6125532.415
1259	6124433.991
1260	6122967.151
1261	6121638.915
1262	6119656.074
1263	6117622.996
1264	6116173.818
1265	6114770.159
1266	6113790.529
1267	6111671.923
1268	6110220.344
1269	6109315.936
1270	6108202.576
1271	6106632.366
1272	6105627.805
1273	6104834.605
1274	6102969.056
1275	6101429.373
1276	6099636.109
1277	6098224.26
1278	6097033.922
1279	6095342.146
1280	6093789.983
1281	6092679.971
1282	6091205.784
1283	6089690.571
1284	6087143.519
1285	6084696.886
1286	6083485.45
1287	6082821.395
1288	6081488.184
1289	6079146.677
1290	6077078.198
1291	6075665.667
1292	6073556.507
1293	6071588.952
1294	6070381.253
1295	6069436.538
1296	6068147.967
1297	6065932.465
1298	6064859.702
1299	6062441.162
1300	6061436.151
1301	6059204.954
1302	6057629.733
1303	6056137.123
1304	6055312.086
1305	6054196.323
1306	6053795.671
1307	6052719.841
1308	6051569.004
1309	6049638.408
1310	6047270.108
1311	6046389.564
1312	6045625.624
1313	6043709.33
1314	6042022.705
1315	6040354.125
1316	6039375.01
1317	6037519.335
1318	6036482.63
1319	6035352.18
1320	6033814.189
1321	6032023.454
1322	6030916.575
1323	6029568.024
1324	6028487.479
1325	6026931.139
1326	6024948.102
1327	6023219.494
1328	6021332.711
1329	6020116.388
1330	6018670.554
1331	6017064.421
1332	6016304.229
1333	6014049.284
1334	6011812.882
1335	6010205.992
1336	6008595.098
1337	6006738.269
1338	6005117.427
1339	6004085.572
1340	6003064.002
1341	6001348.537
1342	5999602.502
1343	5998784.416
1344	5997692.995
1345	5995701.314
1346	5994464.333
1347	5993688.924
1348	5992966.95
1349	5990879.642
1350	5989262.419
1351	5988226.483
1352	5986622.05
1353	5985776.743
1354	5984234.274
1355	5983566.083
1356	5981553.857
1357	5980450.219
1358	5979070.268
1359	5977762.624
1360	5976491.726
1361	5975637.155
1362	5974852.76
1363	5973466.316
1364	5972196.099
1365	5971250.151
1366	5969854.151
1367	5967858.389
1368	5966570.349
1369	5965409.509
1370	5964105.208
1371	5962235.919
1372	5960519.416
1373	5959390.185
1374	5957698.101
1375	5956310.081
1376	5953664.475
1377	5952466.177
1378	5951948.589
1379	5950731.339
1380	5949402.185
1381	5947975.222
1382	5946880.291
1383	5945890.545
1384	5943319.229
1385	5942264.245
1386	5941262.19
1387	5940052.357
1388	5937418.847
1389	5936637.39
1390	5934882.801
1391	5934038.782
1392	5932324.777
1393	5930749.3
1394	5929379.94
1395	5928356.895
1396	5927178.808
1397	5925928.104
1398	5925203.19
1399	5924251.25
1400	5923383.857
1401	5922360.067
1402	5920769.198
1403	5919297.397
1404	5918507.584
1405	5917682.6
1406	5915301.823
1407	5913411.004
1408	5911767.057
1409	5910197.375
1410	5909092.518
1411	5907949.867
1412	5907198.9
1413	5905599.937
1414	5903921.308
1415	5902005.818
1416	5900627.152
1417	5899493.346
1418	5898250.332
1419	5897281.075
1420	5895916.949
1421	5895032.622
1422	5893494.331
1423	5891697.612
1424	5890943.863
1425	5889881.834
1426	5888771.062
1427	5888660.313
1428	5886230.38
1429	5884921.9
1430	5883077.47
1431	5881695.319
1432	5880468.052
1433	5879149.53
1434	5878119.361
1435	5877136.535
1436	5876350.121
1437	5874275.632
1438	5873448.632
1439	5871579.687
1440	5869986.935
1441	5869321.73
1442	5868744.345
1443	5867747.8
1444	5866492.01
1445	5864262.447
1446	5863000.684
1447	5861641.183
1448	5860079.308
1449	5858728.668
1450	5857584.819
1451	5856072.839
1452	5854396.267
1453	5853401.784
1454	5851632.913
1455	5850532.476
1456	5849203.088
1457	5847393.16
1458	5846797.687
1459	5845113.763
1460	5843126.844
1461	5842147.873
1462	5840384.523
1463	5839611.477
1464	5838596.127
1465	5837588.157
1466	5836461.908
1467	5835365.173
1468	5834667.194
1469	5833632.538
1470	5832513.908
1471	5831136.034
1472	5829565.906
1473	5829224.806
1474	5828190.302
1475	5827482.98
1476	5826728.233
1477	5826083.659
1478	5824311.653
1479	5823522.904
1480	5821585.929
1481	5820277.057
1482	5818018.152
1483	5817736.309
1484	5816337.425
1485	5815156.495
1486	5814183.65
1487	5812833.536
1488	5811623.886
1489	5809878.812
1490	5809197.535
1491	5807930.443
1492	5807081.107
1493	5805311.221
1494	5803787.855
1495	5802489.239
1496	5802313.409
1497	5801081.032
1498	5800494.998
1499	5798675.754
1500	5797522.073
1501	5797011.02
1502	5795292.709
1503	5793845.085
1504	5793063.655
1505	5791165.892
1506	5790266.808
1507	5788993.317
1508	5787880.563
1509	5787023.713
1510	5784443.169
1511	5782897.419
1512	5781754.848
1513	5780835.878
1514	5779590.716
1515	5778584.295
1516	5777439.641
1517	5776129.432
1518	5775247.142
1519	5773758.217
1520	5772429.034
1521	5770619.989
1522	5769435.286
1523	5768120.395
1524	5766832.519
1525	5765727.149
1526	5764860.271
1527	5764700.377
1528	5763487.088
1529	5762401.691
1530	5760849.981
1531	5760109.959
1532	5758915.393
1533	5757589.776
1534	5756235.359
1535	5755378.386
1536	5754757.724
1537	5753828.834
1538	5752608.282
1539	5751276.091
1540	5749861.723
1541	5748454.73
1542	5747863.536
1543	5746021.403
1544	5744179.675
1545	5742841.292
1546	5741220.483
1547	5740921.304
1548	5740304.095
1549	5738753.067
1550	5737518.77
1551	5735891.987
1552	5735051.16
1553	5734189.785
1554	5733056.554
1555	5731551.04
1556	5730386.297
1557	5728854.29
1558	5727414.027
1559	5726148.479
1560	5725253.379
1561	5723855.548
1562	5722758.786
1563	5721713.097
1564	5719735.332
1565	5718310.119
1566	5717200.763
1567	5715929.994
1568	5714704.333
1569	5712960.528
1570	5711438.4
1571	5710303.077
1572	5708771.529
1573	5707201.549
1574	5705703.201
1575	5705259.64
1576	5704397.205
1577	5703303.177
1578	5701318.315
1579	5700324.147
1580	5699045.863
1581	5697289.214
1582	5696264.951
1583	5695165.083
1584	5694311.081
1585	5693646.849
1586	5692823.657
1587	5691402.655
1588	5689302.654
1589	5688425.133
1590	5687571.447
1591	5686528.174
1592	5685073.969
1593	5683796.012
1594	5682302.657
1595	5681159.704
1596	5680074.188
1597	5678807.868
1598	5677195.578
1599	5676338.336
1600	5675462.399
1601	5674288.875
1602	5672625.556
1603	5671680.83
1604	5670474.268
1605	5669633.42
1606	5668219.423
1607	5667082.308
1608	5665641.821
1609	5664316.561
1610	5663359.811
1611	5662500.169
1612	5661921.091
1613	5660554.826
1614	5659016.633
1615	5658320.814
1616	5657460.966
1617	5656991.937
1618	5655067.98
1619	5653845.825
1620	5652051.05
1621	5650901.592
1622	5650147.304
1623	5649612.186
1624	5647526.975
1625	5646674.449
1626	5645514.109
1627	5644096.052
1628	5643195.277
1629	5641632.872
1630	5639386.046
1631	5638225.109
1632	5636694.182
1633	5635620.08
1634	5634977.411
1635	5633963.108
1636	5632231.157
1637	5631098.449
1638	5629208.655
1639	5627970.452
1640	5626145.176
1641	5625267.533
1642	5624491.321
1643	5623308.302
1644	5622827.393
1645	5622018.119
1646	5621352.524
1647	5620328.085
1648	5618885.012
1649	5618093.4
1650	5616982.276
1651	5616051.207
1652	5614487.427
1653	5612691.613
1654	5611887.587
1655	5610717.618
1656	5609700.077
1657	5608433.221
1658	5607167.294
1659	5606133.737
1660	5605116.345
1661	5604402.365
1662	5602585.259
1663	5601891.401
1664	5600714.126
1665	5599807.067
1666	5598437.935
1667	5597940.238
1668	5597059.046
1669	5595778.303
1670	5594865.487
1671	5593999.089
1672	5593325.294
1673	5591898.781
1674	5590331.002
1675	5589393.622
1676	5587885.864
1677	5586786.861
1678	5586300.228
1679	5584883.444
1680	5583823.147
1681	5582873.882
1682	5581705.325
1683	5580960.812
1684	5579971.615
1685	5579404.366
1686	5578218.489
1687	5576853.763
1688	5574987.03
1689	5574134.077
1690	5573472.129
1691	5572630.037
1692	5571857.523
1693	5570624.957
1694	5569822.253
1695	5569403.934
1696	5568372.692
1697	5567150.388
1698	5565500.832
1699	5564540.915
1700	5564184.015
1701	5563145.372
1702	5561824.754
1703	5560786.122
1704	5559802.548
1705	5559189.727
1706	5558278.683
1707	5556960.907
1708	5555350.014
1709	5554525.217
1710	5553758.606
1711	5552966.833
1712	5552349.749
1713	5551057.987
1714	5550318.257
1715	5549044.205
1716	5547999.407
1717	5546391.891
1718	5544740.321
1719	5544028.659
1720	5543379.061
1721	5542339.701
1722	5541973.893
1723	5540736.979
1724	5538582.854
1725	5537327.742
1726	5536167.199
1727	5534959.848
1728	5533465.662
1729	5531421.302
1730	5529651.532
1731	5528914.603
1732	5526775.116
1733	5526102.635
1734	5525304.998
1735	5524231.03
1736	5523053.7
1737	5521411.099
1738	5520390.177
1739	5519105.478
1740	5518505.436
1741	5518149.354
1742	5517167.79
1743	5515098.198
1744	5514539.413
1745	5512526.066
1746	5510507.125
1747	5509817.117
1748	5508971.887
1749	5508717.683
1750	5508132.085
1751	5506870.808
1752	5505257.742
1753	5504575.724
1754	5503835.084
1755	5502987.739
1756	5501378.882
1757	5500315.882
1758	5499398.014
1759	5498636.181
1760	5498040.528
1761	5495673.347
1762	5494955.898
1763	5494016.848
1764	5492934.764
1765	5491420.846
1766	5490444.425
1767	5489717.682
1768	5488685.727
1769	5488052.383
1770	5486882.419
1771	5486372.269
1772	5485085.786
1773	5484197.38
1774	5482693.505
1775	5481384.832
1776	5480742.155
1777	5479119.406
1778	5478180.543
1779	5476568.994
1780	5475571.189
1781	5474782.805
1782	5474256.213
1783	5473150.741
1784	5472091.99
1785	5471145.053
1786	5470445.557
1787	5469059.796
1788	5467429.468
1789	5466250.225
1790	5464515.396
1791	5463457.712
1792	5462496.403
1793	5460481.07
1794	5459140.374
1795	5458443.329
1796	5457715.35
1797	5456574.32
1798	5455118.86
1799	5454313.196
1800	5453069.204
1801	5452105.552
1802	5451169.692
1803	5450413.729
1804	5449643.172
1805	5448581.601
1806	5446068.878
1807	5445163.454
1808	5444189.367
1809	5443319.666
1810	5442286.226
1811	5441543.83
1812	5440597.221
1813	5438785.261
1814	5437621.15
1815	5436252.197
1816	5435109.393
1817	5434064.764
1818	5432718.271
1819	5432200.482
1820	5431642.109
1821	5430336.363
1822	5429767.621
1823	5428947.85
1824	5427361.689
1825	5425982.594
1826	5424744.464
1827	5424205.757
1828	5423173.942
1829	5421643.392
1830	5420784.941
1831	5420470.224
1832	5419398.792
1833	5418988.669
1834	5417947.716
1835	5417211.908
1836	5416604.942
1837	5415445.379
1838	5414039.223
1839	5413132.983
1840	5412044.176
1841	5410838.212
1842	5409769.787
1843	5408155.715
1844	5407157.343
1845	5405912.1
1846	5404540.904
1847	5403602.842
1848	5403006.278
1849	5401413.21
1850	5400370.234
1851	5399415.984
1852	5398224.056
1853	5397424.986
1854	5396744.206
1855	5396022.413
1856	5394276.397
1857	5393610.11
1858	5392580.937
1859	5392151.334
1860	5391106.232
1861	5390512.118
1862	5389408.436
1863	5387980.196
1864	5386915.375
1865	5385780.76
1866	5384802.717
1867	5383884.588
1868	5382699.248
1869	5381223.016
1870	5380589.09
1871	5380035.417
1872	5379496.38
1873	5378650.062
1874	5377974.482
1875	5377268.994
1876	5376465.827
1877	5375811.126
1878	5375240.509
1879	5373626.187
1880	5372352.858
1881	5371605.562
1882	5371049.888
1883	5369632.377
1884	5368244.554
1885	5367488.412
1886	5366114.463
1887	5364897.943
1888	5364157.258
1889	5362882.662
1890	5362322.738
1891	5361033.128
1892	5360218.227
1893	5359218.914
1894	5358245.988
1895	5357153.997
1896	5356211.12
1897	5355365.205
1898	5354146.3
1899	5353255.71
1900	5352663.652
1901	5351430.392
1902	5349926.514
1903	5348783.531
1904	5347939.756
1905	5347189.943
1906	5346162.141
1907	5344977.341
1908	5344142.365
1909	5343557.917
1910	5342650.924
1911	5341598.483
1912	5340557.054
1913	5339664.169
1914	5339282.214
1915	5338286.357
1916	5337623.042
1917	5336984.333
1918	5335496.251
1919	5334890.154
1920	5333720.798
1921	5333025.22
1922	5331786.315
1923	5331029.222
1924	5330068.774
1925	5329836.373
1926	5328974.334
1927	5328088.006
1928	5327581.993
1929	5326568.073
1930	5325437.091
1931	5324273.786
1932	5323696.729
1933	5321452.168
1934	5320815.349
1935	5319628.951
1936	5318527.497
1937	5318033.554
1938	5317594.06
1939	5316561.298
1940	5315886.651
1941	5315112.275
1942	5313768.465
1943	5312129.81
1944	5310512.184
1945	5309708.121
1946	5308127.027
1947	5307010.424
1948	5306120.456
1949	5305078.484
1950	5303763.827
1951	5302948.208
1952	5301702.765
1953	5300963.653
1954	5300546.3
1955	5299615.216
1956	5297626.66
1957	5296883.36
1958	5295603.147
1959	5295018.175
1960	5294676.676
1961	5294100.941
1962	5293059.207
1963	5291719.118
1964	5290433.644
1965	5289366.079
1966	5288479.552
1967	5287487.566
1968	5286494.376
1969	5285385.971
1970	5283992.538
1971	5283048.063
1972	5282254.165
1973	5281119.158
1974	5280581.276
1975	5279291.107
1976	5278301.075
1977	5277039.922
1978	5275814.941
1979	5274478.897
1980	5272986.765
1981	5271789.461
1982	5271184.085
1983	5269482.364
1984	5268071.576
1985	5266094.038
1986	5264878.908
1987	5264016.042
1988	5263561.142
1989	5262135.12
1990	5260977.049
1991	5258977.253
1992	5257094.418
1993	5256099.151
1994	5254963.175
1995	5253847.317
1996	5252821.238
1997	5252088.947
1998	5250986.499
1999	5250049.755
2000	5249443.903
2001	5247697.681
2002	5246817.334
2003	5246253.198
2004	5245575.339
2005	5244950.66
2006	5244505.845
2007	5243401.283
2008	5242676.476
2009	5242182.149
2010	5241350.447
2011	5240693.428
2012	5239532.773
2013	5238425.654
2014	5237220.11
2015	5236270.244
2016	5234804.39
2017	5234014.725
2018	5233314.478
2019	5232321.601
2020	5231432.843
2021	5230782.291
2022	5229973.87
2023	5229345.477
2024	5228633.239
2025	5227744.935
2026	5227083.487
2027	5225792.603
2028	5225002.036
2029	5224281.08
2030	5222787.697
2031	5221977.882
2032	5221049.887
2033	5219819.552
2034	5219412.831
2035	5218835.091
2036	5218255.889
2037	5217485.468
2038	5216498.578
2039	5216052.004
2040	5214667.165
2041	5213387.976
2042	5212317.571
2043	5211738.034
2044	5210723.785
2045	5210180.795
2046	5208870.876
2047	5207982.1
2048	5206611.236
2049	5205733.593
2050	5204881.767
2051	5204376.255
2052	5203516.973
2053	5202440.004
2054	5201476.478
2055	5200563.999
2056	5199860.394
2057	5199006.813
2058	5198317.067
2059	5197366.612
2060	5197016.13
2061	5196321.978
2062	5195434.695
2063	5194493.562
2064	5193399.694
2065	5192612.249
2066	5191196.978
2067	5190358.776
2068	5189863.003
2069	5189153.893
2070	5188239.446
2071	5186921.718
2072	5186057.63
2073	5184505.031
2074	5183964.007
2075	5183052.92
2076	5181943.119
2077	5180824.812
2078	5180097.488
2079	5178488.496
2080	5178217.649
2081	5177300.544
2082	5176501.341
2083	5175120.129
2084	5174224.569
2085	5173313.062
2086	5173098.277
2087	5172059.803
2088	5170920.758
2089	5170210.644
2090	5169207.253
2091	5168211.212
2092	5166667.296
2093	5165719.688
2094	5164627.622
2095	5163686.442
2096	5162934.479
2097	5162268.912
2098	5161391.617
2099	5160906.193
2100	5159288.716
2101	5158181.866
2102	5157009.35
2103	5156472.644
2104	5155861.657
2105	5154999.301
2106	5154450.599
2107	5153995.073
2108	5153268.073
2109	5152275.199
2110	5151309.441
2111	5150873.245
2112	5150123.54
2113	5149239.147
2114	5148473.99
2115	5147863.602
2116	5146849.869
2117	5146128.153
2118	5144727.721
2119	5143473.586
2120	5142909.41
2121	5141914.08
2122	5141313.249
2123	5140613.236
2124	5139647.992
2125	5138847.254
2126	5137943.382
2127	5136719.796
2128	5136437.982
2129	5135514.435
2130	5134679.529
2131	5133472.133
2132	5132397.734
2133	5131360.718
2134	5130504.068
2135	5129595.475
2136	5128627.086
2137	5127849.357
2138	5126679.305
2139	5125863.086
2140	5125312.539
2141	5124660.088
2142	5123607.34
2143	5122736.453
2144	5121785.553
2145	5120639.534
2146	5119767.126
2147	5119109.157
2148	5117834.042
2149	5117203.189
2150	5116344.192
2151	5115085.981
2152	5114373.172
2153	5113546.748
2154	5113138.455
2155	5112364.785
2156	5110943.004
2157	5109889.563
2158	5108712.901
2159	5107527.067
2160	5107067.526
2161	5106279.206
2162	5105246.569
2163	5104815.919
2164	5104213.077
2165	5102979.325
2166	5102289.081
2167	5101190.8
2168	5099875.338
2169	5098838.063
2170	5098282.158
2171	5097637.974
2172	5096130.836
2173	5095203.765
2174	5094081.322
2175	5093565.658
2176	5092310.613
2177	5091781.102
2178	5091319.368
2179	5090762.649
2180	5089795.914
2181	5088466.209
2182	5087283.499
2183	5086534.841
2184	5085697.76
2185	5084398.395
2186	5083407.268
2187	5082634.704
2188	5082085.537
2189	5081048.383
2190	5080298.09
2191	5079545.773
2192	5078394.006
2193	5077302.319
2194	5075988.363
2195	5074208.645
2196	5073361.91
2197	5072499.13
2198	5071734.827
2199	5070999.174
2200	5070406.107
2201	5069507.922
2202	5068319.98
2203	5067701.228
2204	5066309.308
2205	5065527.404
2206	5065131.164
2207	5064560.08
2208	5063426.025
2209	5062400.976
2210	5060888.426
2211	5060384.559
2212	5059707.367
2213	5058940.177
2214	5058502.439
2215	5057216.612
2216	5056698.68
2217	5056202.802
2218	5055287.991
2219	5054506.078
2220	5053808.636
2221	5052810.076
2222	5051802.597
2223	5051174.357
2224	5050316.45
2225	5049270.054
2226	5048558.003
2227	5048058.648
2228	5047555.275
2229	5046601.859
2230	5046228.995
2231	5045028.975
2232	5044407.327
2233	5043587.907
2234	5042964.743
2235	5042303.568
2236	5041804.402
2237	5040832.936
2238	5039974.055
2239	5038928.953
2240	5037678.504
2241	5036814.641
2242	5035787.434
2243	5035215.051
2244	5034482.233
2245	5033942.959
2246	5032732.75
2247	5031787.8
2248	5030837.58
2249	5029379.814
2250	5027864.082
2251	5027207.187
2252	5025895.434
2253	5024668.114
2254	5023704.965
2255	5022779.096
2256	5022134.693
2257	5021500.321
2258	5020382.416
2259	5019426.33
2260	5018963.699
2261	5017751.019
2262	5016801.853
2263	5016041.688
2264	5015353.013
2265	5014852.376
2266	5014500.835
2267	5013444.757
2268	5012573.042
2269	5011561.039
2270	5009983.743
2271	5009307.981
2272	5008287.131
2273	5007527.815
2274	5006178.983
2275	5005344.258
2276	5004047.437
2277	5003641.116
2278	5002632.736
2279	5001978.414
2280	5001155.78
2281	5000643.639
2282	4999954.783
2283	4999072.742
2284	4998611.771
2285	4997146.692
2286	4996692.51
2287	4996142.635
2288	4995273.701
2289	4994705.273
2290	4993813.574
2291	4992976.208
2292	4991792.987
2293	4990904.019
2294	4989787.897
2295	4989058.295
2296	4988715.991
2297	4987760.268
2298	4987307.996
2299	4986546.784
2300	4985091.018
2301	4983642.719
2302	4982723.138
2303	4982201.633
2304	4981137.322
2305	4980382.636
2306	4980149.665
2307	4979483.649
2308	4979196.352
2309	4978627.915
2310	4977890.222
2311	4977414.127
2312	4976831.004
2313	4976001.404
2314	4975416.25
2315	4974932.947
2316	4973991.08
2317	4973141.313
2318	4971237.013
2319	4970549.787
2320	4969392.036
2321	4968625.055
2322	4968037.722
2323	4967632.546
2324	4966597.573
2325	4964870.383
2326	4963683.103
2327	4962973.774
2328	4962104.657
2329	4961509.582
2330	4960735.427
2331	4959819.823
2332	4958200.995
2333	4957268.372
2334	4956175.432
2335	4955633.749
2336	4954939.479
2337	4954428.681
2338	4953585.042
2339	4953079.623
2340	4952267.094
2341	4951796.328
2342	4950929.13
2343	4949961.054
2344	4949326.953
2345	4948683.473
2346	4947750.699
2347	4947044.268
2348	4946226.853
2349	4945665.382
2350	4944833.754
2351	4943716.284
2352	4943019.413
2353	4942200.724
2354	4941480.715
2355	4940403.065
2356	4939102.287
2357	4937601.704
2358	4936477.582
2359	4935662.743
2360	4934892.284
2361	4934547.049
2362	4934486.426
2363	4933688.163
2364	4933062.817
2365	4932229.271
2366	4931091.747
2367	4930220.04
2368	4929474.795
2369	4928721.485
2370	4927909.036
2371	4926386.793
2372	4925552.67
2373	4924624.315
2374	4923601.257
2375	4922991.134
2376	4922358.884
2377	4921422.812
2378	4921074.518
2379	4920300.454
2380	4919619.161
2381	4918864.013
2382	4918352.634
2383	4917231.435
2384	4916686.412
2385	4916089.569
2386	4915431.976
2387	4914972.877
2388	4914504.643
2389	4913600.483
2390	4912349.671
2391	4911983.309
2392	4910633.151
2393	4909839.374
2394	4909051.19
2395	4907929.631
2396	4907148.54
2397	4906122.143
2398	4905689.646
2399	4905157.149
2400	4904673.121
2401	4904033.303
2402	4903353.529
2403	4902476.541
2404	4901449.917
2405	4900858.746
2406	4900223.363
2407	4900124.527
2408	4899799.486
2409	4898676.863
2410	4897811.466
2411	4896990.289
2412	4895972.019
2413	4894648.085
2414	4893799.269
2415	4893072.603
2416	4892197.728
2417	4891609.286
2418	4891126.032
2419	4890310.423
2420	4889667.361
2421	4888568.263
2422	4887909.383
2423	4886847.142
2424	4885873.726
2425	4884945.714
2426	4883923.636
2427	4883089.478
2428	4882301.417
2429	4881510.617
2430	4880802.082
2431	4880302.415
2432	4879538.014
2433	4878720.527
2434	4877903.392
2435	4877423.382
2436	4876571.549
2437	4875276.004
2438	4874822.656
2439	4874053.654
2440	4873381.286
2441	4872685.796
2442	4871716.609
2443	4870849.485
2444	4869767.059
2445	4868496.54
2446	4867728.723
2447	4866644.674
2448	4865542.76
2449	4864146.036
2450	4863718.652
2451	4862605.771
2452	4861934.294
2453	4860939.539
2454	4860538.839
2455	4859357.941
2456	4858216.279
2457	4857092.852
2458	4856000.462
2459	4855223.952
2460	4854358.576
2461	4853746.478
2462	4852924.718
2463	4851891.693
2464	4851017.922
2465	4850068.739
2466	4849659.958
2467	4848552.968
2468	4847676.16
2469	4846618.463
2470	4846183.899
2471	4845500.297
2472	4844640.192
2473	4844000.492
2474	4843114.908
2475	4842049.716
2476	4841186.402
2477	4839931.892
2478	4838600.587
2479	4838226.439
2480	4836938.544
2481	4836577.231
2482	4835579.066
2483	4835057.194
2484	4834299.149
2485	4833610.643
2486	4832646.083
2487	4832058.443
2488	4831466.095
2489	4830467.967
2490	4829605.52
2491	4828750.75
2492	4827950.039
2493	4826917.658
2494	4826361.67
2495	4825574.906
2496	4824966.859
2497	4824371.975
2498	4823762.845
2499	4822789.08
2500	4821929.802
2501	4821329.22
2502	4820633.963
2503	4819921.231
2504	4818752.965
2505	4818248.379
2506	4817064.25
2507	4816183.156
2508	4814781.955
2509	4814140.567
2510	4813366.214
2511	4812367.638
2512	4811488.77
2513	4810607.214
2514	4809766.355
2515	4808397.045
2516	4807466.012
2517	4806883.655
2518	4806202.466
2519	4805202.143
2520	4804229.16
2521	4803523.834
2522	4802661.551
2523	4801323.722
2524	4800463.232
2525	4800031.366
2526	4799349.994
2527	4798705.974
2528	4798360.831
2529	4797810.281
2530	4796894.733
2531	4796253.798
2532	4795756.601
2533	4795229.385
2534	4794319.507
2535	4793836.95
2536	4793369.901
2537	4792693.555
2538	4792011.85
2539	4791291.059
2540	4790624.785
2541	4789753.401
2542	4788683.258
2543	4787082.514
2544	4786514.089
2545	4785642.304
2546	4784982.098
2547	4784753.861
2548	4783752.076
2549	4783216.525
2550	4782607.382
2551	4781886.39
2552	4781445.67
2553	4780765.188
2554	4779797.345
2555	4779370.756
2556	4778767.382
2557	4777706.584
2558	4776660.441
2559	4775442.278
2560	4775161.03
2561	4774151.006
2562	4772664.133
2563	4771863.36
2564	4771131.582
2565	4770015.456
2566	4769186.604
2567	4768618.092
2568	4768045.056
2569	4767303.183
2570	4766921.077
2571	4766398.631
2572	4766024.551
2573	4764984.285
2574	4764047.587
2575	4763520.46
2576	4762705.46
2577	4761740.426
2578	4761235.282
2579	4760891.48
2580	4760386.212
2581	4759483.307
2582	4758029.894
2583	4757179.222
2584	4756471.274
2585	4755334.245
2586	4754833.474
2587	4753964.585
2588	4753504.262
2589	4752722.844
2590	4752268.422
2591	4751558.994
2592	4750571.373
2593	4750126.7
2594	4749596.92
2595	4749093.905
2596	4748263.823
2597	4747799.582
2598	4747309.204
2599	4746826.392
2600	4745914.165
2601	4745109.795
2602	4744525.615
2603	4743718.965
2604	4743032.896
2605	4742189.221
2606	4741083.346
2607	4740068.993
2608	4738899.54
2609	4738294.619
2610	4737521.664
2611	4736943.376
2612	4735884.852
2613	4735339.735
2614	4734611.584
2615	4734239.821
2616	4733698.511
2617	4732807.007
2618	4732231.95
2619	4731172.868
2620	4730766.145
2621	4730220.905
2622	4729564.505
2623	4728836.797
2624	4728186.963
2625	4727733.263
2626	4727127.185
2627	4725800.898
2628	4724988.568
2629	4724731.323
2630	4723878.075
2631	4723246.672
2632	4722790.246
2633	4722279.202
2634	4721869.855
2635	4721392.738
2636	4720711.12
2637	4720319.801
2638	4719814.754
2639	4719568.952
2640	4718777.833
2641	4717976.434
2642	4717342.63
2643	4716730.175
2644	4716161.141
2645	4715072.375
2646	4713839.217
2647	4712922.155
2648	4711902.069
2649	4711396.006
2650	4710695.333
2651	4709443.918
2652	4708898.518
2653	4707995.822
2654	4707519.681
2655	4706754.396
2656	4706057.642
2657	4705519.08
2658	4704572.71
2659	4703993.245
2660	4703525.141
2661	4703074.964
2662	4702676.148
2663	4701868.599
2664	4700720.106
2665	4699916.978
2666	4699212.456
2667	4698452.431
2668	4697834.829
2669	4696725.587
2670	4696265.544
2671	4695532.053
2672	4694896.784
2673	4693821.487
2674	4692686.674
2675	4691878.993
2676	4691200.05
2677	4689898.121
2678	4688222.649
2679	4687771.547
2680	4687043.452
2681	4686131.119
2682	4684570.722
2683	4683558.203
2684	4683028.814
2685	4682634.804
2686	4681751.073
2687	4681372.98
2688	4680816.511
2689	4679900.315
2690	4678968.019
2691	4678446.153
2692	4677597.783
2693	4677354.979
2694	4676021.565
2695	4675476.42
2696	4675122.8
2697	4674212.086
2698	4673571.054
2699	4673104.339
2700	4672854.316
2701	4671861.243
2702	4671350.595
2703	4670813.892
2704	4669868.365
2705	4669134.84
2706	4668535.15
2707	4667584.168
2708	4667035.551
2709	4665456.59
2710	4665043.271
2711	4664248.86
2712	4663861.073
2713	4662941.331
2714	4662306.97
2715	4662238.846
2716	4661171.675
2717	4660492.766
2718	4659684.678
2719	4658945.104
2720	4658128.681
2721	4657140.39
2722	4656375.256
2723	4655758.641
2724	4655082.577
2725	4654243.586
2726	4653627.827
2727	4653221.47
2728	4652509.071
2729	4652066.037
2730	4651872.887
2731	4650995.08
2732	4650028.528
2733	4649296.197
2734	4648784.507
2735	4648220.59
2736	4647173.796
2737	4646725.997
2738	4645723.255
2739	4645261.838
2740	4644155.829
2741	4642960.989
2742	4641882.194
2743	4641443.381
2744	4640974.176
2745	4640426.126
2746	4640098.779
2747	4639744.968
2748	4638965.666
2749	4637760.174
2750	4636887.113
2751	4636034.128
2752	4635488.819
2753	4634658.056
2754	4633965.463
2755	4633148.245
2756	4632796.665
2757	4632313.943
2758	4631644.249
2759	4631040.843
2760	4630075.372
2761	4628998.263
2762	4628761.82
2763	4627956.636
2764	4627179.903
2765	4626280.202
2766	4625419.541
2767	4624508.892
2768	4623587.54
2769	4622527.537
2770	4622090.926
2771	4621373.48
2772	4620977.774
2773	4620261.789
2774	4619793.632
2775	4618856.061
2776	4617814.461
2777	4616441.378
2778	4615636.805
2779	4614906.525
2780	4614100.639
2781	4613283.796
2782	4612848.991
2783	4612303.225
2784	4611328.376
2785	4610579.801
2786	4609571.107
2787	4608814.653
2788	4607767.982
2789	4606932.24
2790	4605852.707
2791	4605442.263
2792	4604725.718
2793	4603739.826
2794	4602803.19
2795	4602129.074
2796	4601051.469
2797	4600704.078
2798	4600206.248
2799	4599041.582
2800	4598509.55
2801	4598037.614
2802	4597746.144
2803	4596903.574
2804	4595927.057
2805	4595002.169
2806	4594290.339
2807	4593401.657
2808	4592908.269
2809	4591687.618
2810	4591215.611
2811	4590585.956
2812	4590060.056
2813	4589897.503
2814	4589151.77
2815	4588663.763
2816	4588229.057
2817	4587418.372
2818	4586790.288
2819	4586368.478
2820	4585406.608
2821	4584839.336
2822	4584384.89
2823	4584114.789
2824	4583406.054
2825	4582706.589
2826	4582208.062
2827	4581631.571
2828	4580607.006
2829	4579986.644
2830	4579325.225
2831	4578570.397
2832	4577741.671
2833	4577069.534
2834	4575692.058
2835	4575199.259
2836	4574749.879
2837	4573867.506
2838	4573805.224
2839	4573170.462
2840	4572643.792
2841	4571308.542
2842	4570485.469
2843	4569789.573
2844	4569541.888
2845	4568803.802
2846	4567813.617
2847	4567086.639
2848	4566245.452
2849	4565699.444
2850	4565133.888
2851	4564380.718
2852	4563502.207
2853	4562629.272
2854	4561723.704
2855	4561044.976
2856	4560500.123
2857	4559774.822
2858	4559233.714
2859	4558391.596
2860	4557499.638
2861	4556538.535
2862	4555634.218
2863	4554900.252
2864	4553974.976
2865	4553201.86
2866	4551935.445
2867	4551444.841
2868	4550808.904
2869	4550150.151
2870	4549570.698
2871	4548840.647
2872	4548234.967
2873	4547583.396
2874	4547139.078
2875	4546404.9
2876	4545278.726
2877	4544665.907
2878	4544437.58
2879	4543997.433
2880	4543300.934
2881	4542741.557
2882	4542036.133
2883	4541486.241
2884	4541013.768
2885	4540096.57
2886	4539620.302
2887	4538934.524
2888	4538148.44
2889	4537322.531
2890	4535908.112
2891	4535139.684
2892	4534340.232
2893	4533256.384
2894	4532440.42
2895	4531960.003
2896	4531108.501
2897	4530595.671
2898	4529785.153
2899	4528779.365
2900	4527840.545
2901	4527529.496
2902	4526736.128
2903	4526245.58
2904	4525485.038
2905	4524772.835
2906	4524035.654
2907	4523325.941
2908	4522453.828
2909	4521930.08
2910	4521608.283
2911	4520752.287
2912	4520385.598
2913	4520019.958
2914	4518909.645
2915	4518454.101
2916	4517968.482
2917	4517391.081
2918	4516901.349
2919	4516128.247
2920	4515660.932
2921	4515227.852
2922	4514498.589
2923	4513592.963
2924	4513248.61
2925	4512511.651
2926	4512062.705
2927	4511948.908
2928	4511490.658
2929	4510877.982
2930	4510120.84
2931	4509102.985
2932	4508752.926
2933	4508212.201
2934	4507608.465
2935	4506904.747
2936	4506381.619
2937	4505190.525
2938	4504597.406
2939	4503867.411
2940	4503210.572
2941	4502373.935
2942	4501609.486
2943	4501157.833
2944	4500368.78
2945	4499793.302
2946	4499040.758
2947	4498177.674
2948	4497311.049
2949	4496397.027
2950	4495956.385
2951	4495120.645
2952	4494381.044
2953	4493315.146
2954	4492713.167
2955	4492008.874
2956	4491389.873
2957	4490950.339
2958	4490495.212
2959	4489762.215
2960	4489047.864
2961	4488529.583
2962	4488039.857
2963	4487543.744
2964	4486987.338
2965	4486626.563
2966	4486134.85
2967	4485511.386
2968	4484887.573
2969	4484211.01
2970	4483754.409
2971	4483146.464
2972	4482283.214
2973	4481311.132
2974	4480767.366
2975	4479905.852
2976	4478988.122
2977	4478114.051
2978	4477666.187
2979	4477354.193
2980	4476950.069
2981	4476519.944
2982	4475681.018
2983	4474726.242
2984	4474171.534
2985	4473903.427
2986	4472632.418
2987	4472226.997
2988	4471852.115
2989	4471253.715
2990	4470533.406
2991	4470100.633
2992	4469582.303
2993	4469221.882
2994	4468292.325
2995	4468074.857
2996	4467318.817
2997	4466230.099
2998	4465511.167
2999	4464646.828
